episode_id,location_key,start_ts_utc,end_ts_utc,start_date_utc,duration_hours,peak_aqi,hours_flagged,dominant_pollutant,rule_code
8677dbc7-d6e9-4d86-97b4-e1a2705e5994,danang,2024-03-05 08:00:00,2024-03-05 15:00:00,2024-03-05,8,219,8,o3,AQI>=151_4h
c1239029-7a45-47b3-89b3-9605aa338f9f,danang,2024-03-06 05:00:00,2024-03-06 17:00:00,2024-03-06,13,259,13,o3,AQI>=151_4h
763b2a69-a2b7-4476-922a-f9514c13a348,danang,2024-03-29 08:00:00,2024-03-29 11:00:00,2024-03-29,4,174,4,o3,AQI>=151_4h
0ec49343-1d90-492c-93d6-dcf189a1704a,danang,2024-03-31 07:00:00,2024-03-31 14:00:00,2024-03-31,8,228,8,o3,AQI>=151_4h
0ebc505c-4c97-4210-ae65-ff54e34854d7,danang,2024-04-01 08:00:00,2024-04-01 14:00:00,2024-04-01,7,206,7,o3,AQI>=151_4h
7cde8158-028d-42e4-8c03-d6355e6b1770,danang,2024-04-02 08:00:00,2024-04-02 13:00:00,2024-04-02,6,199,6,o3,AQI>=151_4h
529d9b02-9ee6-4fad-b183-ec74e7347844,danang,2024-04-03 08:00:00,2024-04-03 13:00:00,2024-04-03,6,199,6,o3,AQI>=151_4h
1e6e9e4e-ef05-4791-bcb4-3d198ad8d26e,danang,2024-04-04 09:00:00,2024-04-04 12:00:00,2024-04-04,4,170,4,o3,AQI>=151_4h
01e0d1ef-530d-48ec-b31b-bfffe2fdfeeb,danang,2024-04-10 09:00:00,2024-04-10 13:00:00,2024-04-10,5,185,5,o3,AQI>=151_4h
1ef2617d-f648-4a57-b215-ce2b244878ad,danang,2024-04-11 09:00:00,2024-04-11 12:00:00,2024-04-11,4,183,4,o3,AQI>=151_4h
a8927212-d2f5-4613-b624-bc5bc620f8a2,danang,2024-04-18 08:00:00,2024-04-18 12:00:00,2024-04-18,5,184,5,o3,AQI>=151_4h
a77d71dd-f3c0-4ed2-b9b4-f6da655f2cb2,danang,2024-04-20 08:00:00,2024-04-20 12:00:00,2024-04-20,5,175,5,o3,AQI>=151_4h
6e3d9c71-8b30-45aa-bf05-f60c2623cb0f,danang,2024-04-21 08:00:00,2024-04-21 13:00:00,2024-04-21,6,189,6,o3,AQI>=151_4h
12f13b51-76c8-4fd2-92f1-e20ae0a069a9,danang,2024-04-22 09:00:00,2024-04-22 12:00:00,2024-04-22,4,170,4,o3,AQI>=151_4h
f032c1aa-558b-491f-a293-f3248a1654a7,danang,2024-04-23 08:00:00,2024-04-23 13:00:00,2024-04-23,6,191,6,o3,AQI>=151_4h
d020e7ca-dab7-44d0-b371-f039cc5f6855,danang,2024-04-24 07:00:00,2024-04-24 12:00:00,2024-04-24,6,201,6,o3,AQI>=151_4h
30854532-ff62-4937-ac09-abcbc8b88890,danang,2024-04-25 08:00:00,2024-04-25 13:00:00,2024-04-25,6,186,6,o3,AQI>=151_4h
8d6471cd-e401-48c6-a6ab-dee6849fc5ff,danang,2024-04-26 06:00:00,2024-04-26 14:00:00,2024-04-26,9,226,9,o3,AQI>=151_4h
b75f1ef3-6842-4eb9-8123-022c823d2849,danang,2024-04-27 07:00:00,2024-04-27 15:00:00,2024-04-27,9,227,9,o3,AQI>=151_4h
3e1a8e92-050b-4f9a-b995-08d916e73808,danang,2024-04-28 07:00:00,2024-04-28 14:00:00,2024-04-28,8,207,8,o3,AQI>=151_4h
90ba49e3-cee0-4fd8-a42a-30c23011a546,danang,2024-04-29 07:00:00,2024-04-29 14:00:00,2024-04-29,8,220,8,o3,AQI>=151_4h
cd472ece-b0ed-4445-8455-eba7c6c567bb,danang,2024-04-30 07:00:00,2024-04-30 14:00:00,2024-04-30,8,217,8,o3,AQI>=151_4h
7fa23795-c6b8-47e8-9492-7d867c416c8c,danang,2024-05-01 07:00:00,2024-05-01 14:00:00,2024-05-01,8,223,8,o3,AQI>=151_4h
f979221d-8fac-4a1c-b05e-b99647b33f1c,danang,2024-05-05 08:00:00,2024-05-05 12:00:00,2024-05-05,5,184,5,o3,AQI>=151_4h
628b467d-b3e9-4bf1-bef6-f304e3da62bb,danang,2024-05-19 06:00:00,2024-05-19 17:00:00,2024-05-19,12,243,12,o3,AQI>=151_4h
c35c4a44-ca92-41a7-ab68-59969cb55c1f,danang,2024-05-22 09:00:00,2024-05-22 14:00:00,2024-05-22,6,180,6,o3,AQI>=151_4h
12e341a8-0d2d-4a21-9789-c4c98f9d224a,danang,2024-05-23 07:00:00,2024-05-23 14:00:00,2024-05-23,8,198,8,o3,AQI>=151_4h
3056e5f9-7bdc-4719-9c97-3140002c313e,danang,2024-05-24 07:00:00,2024-05-24 14:00:00,2024-05-24,8,209,8,o3,AQI>=151_4h
242e5cd9-201f-4fee-b17e-99f16127f3f2,danang,2024-05-26 08:00:00,2024-05-26 14:00:00,2024-05-26,7,194,7,o3,AQI>=151_4h
929d2a9f-0425-434d-9767-6b2e6cbf990e,danang,2024-05-27 05:00:00,2024-05-27 17:00:00,2024-05-27,13,272,13,o3,AQI>=151_4h
30c9b2e7-1f5e-4445-a55e-7b016eae5685,danang,2024-05-28 08:00:00,2024-05-28 15:00:00,2024-05-28,8,215,8,o3,AQI>=151_4h
31d185c7-1b1a-4c8a-a671-19c66d22c119,danang,2024-05-29 08:00:00,2024-05-29 16:00:00,2024-05-29,9,221,9,o3,AQI>=151_4h
8260668e-32aa-4eca-a9a4-2af1caa1205b,danang,2024-05-30 09:00:00,2024-05-30 16:00:00,2024-05-30,8,205,8,o3,AQI>=151_4h
a8be2302-2b5d-458b-af96-bfbe4dac50ec,danang,2024-06-01 08:00:00,2024-06-01 13:00:00,2024-06-01,6,178,6,o3,AQI>=151_4h
eb6540be-eb5e-45ee-8a28-f7550f2e7648,danang,2024-06-02 05:00:00,2024-06-02 19:00:00,2024-06-02,15,240,15,o3,AQI>=151_4h
63b755a7-7a22-42f0-8023-7038c35cc148,danang,2024-06-03 06:00:00,2024-06-03 16:00:00,2024-06-03,11,241,11,o3,AQI>=151_4h
1af6b3b0-d7d7-499e-9c10-53a1e8b38ba4,danang,2024-06-04 07:00:00,2024-06-04 16:00:00,2024-06-04,10,230,10,o3,AQI>=151_4h
8b05effd-1f62-4a28-ac3d-683036d6e9f5,danang,2024-06-05 10:00:00,2024-06-05 18:00:00,2024-06-05,9,200,9,o3,AQI>=151_4h
827d5fd4-7b06-4df8-b7c0-1f677fff16a6,danang,2024-06-06 08:00:00,2024-06-06 18:00:00,2024-06-06,11,208,11,o3,AQI>=151_4h
23c54342-dbe0-49bd-b7d0-86cdb967d943,danang,2024-06-07 06:00:00,2024-06-07 17:00:00,2024-06-07,12,219,12,o3,AQI>=151_4h
87037399-e136-4299-9bd7-0bd95615c5a4,danang,2024-06-08 08:00:00,2024-06-08 14:00:00,2024-06-08,7,193,7,o3,AQI>=151_4h
2cc6319e-a39c-4e75-8931-cfb6b4489086,danang,2024-06-09 08:00:00,2024-06-09 14:00:00,2024-06-09,7,201,7,o3,AQI>=151_4h
da730e16-e07d-4f74-829d-d0385861da5b,danang,2024-06-10 07:00:00,2024-06-10 16:00:00,2024-06-10,10,216,10,o3,AQI>=151_4h
d8989cb3-9a72-46a7-a91d-48ce5be4954d,danang,2024-06-11 09:00:00,2024-06-11 17:00:00,2024-06-11,9,208,9,o3,AQI>=151_4h
b4b9cca1-f7b0-44a9-af9f-70bca86a6a1b,danang,2024-06-12 09:00:00,2024-06-12 17:00:00,2024-06-12,9,210,9,o3,AQI>=151_4h
7dd22443-715b-4f98-aad3-038684937b4b,danang,2024-06-13 08:00:00,2024-06-13 17:00:00,2024-06-13,10,226,10,o3,AQI>=151_4h
82cb0760-2e5a-4809-b8c1-6507671feaa7,danang,2024-06-14 07:00:00,2024-06-14 15:00:00,2024-06-14,9,216,9,o3,AQI>=151_4h
f911364c-5c63-4edc-b247-b130eee03567,danang,2024-06-15 07:00:00,2024-06-15 16:00:00,2024-06-15,10,224,10,o3,AQI>=151_4h
1bb9a6c9-ea6c-4814-90a9-2fe80994e2fc,danang,2024-06-16 07:00:00,2024-06-16 16:00:00,2024-06-16,10,217,10,o3,AQI>=151_4h
c222f90f-c9f0-4238-aea3-0968c454f048,danang,2024-06-17 06:00:00,2024-06-17 17:00:00,2024-06-17,12,240,12,o3,AQI>=151_4h
3f20994a-9a87-4d38-9b8b-63a51876e311,danang,2024-06-18 08:00:00,2024-06-18 18:00:00,2024-06-18,11,219,11,o3,AQI>=151_4h
16fb5e6b-065e-4d61-9d49-4d8623e1c92a,danang,2024-06-19 07:00:00,2024-06-19 16:00:00,2024-06-19,10,218,10,o3,AQI>=151_4h
152e0bc6-6566-4ca3-9333-1bffff3377a9,danang,2024-06-20 08:00:00,2024-06-20 15:00:00,2024-06-20,8,205,8,o3,AQI>=151_4h
af24083d-f36d-40e3-a5e0-2d0b5e43eef6,danang,2024-06-24 09:00:00,2024-06-24 15:00:00,2024-06-24,7,197,7,o3,AQI>=151_4h
c0a6ff70-2a45-4c5e-9037-961ab6b71f06,danang,2024-06-29 08:00:00,2024-06-29 16:00:00,2024-06-29,9,208,9,o3,AQI>=151_4h
2696e218-c880-4348-9cd8-5e640ff12fe2,danang,2024-06-30 08:00:00,2024-06-30 16:00:00,2024-06-30,9,207,9,o3,AQI>=151_4h
c7f5bad9-660a-469a-af77-d9e2d805231a,danang,2024-07-01 09:00:00,2024-07-01 16:00:00,2024-07-01,8,209,8,o3,AQI>=151_4h
ca08e98b-4b16-4ffb-852e-814e3d9bc071,danang,2024-07-02 08:00:00,2024-07-02 13:00:00,2024-07-02,6,189,6,o3,AQI>=151_4h
374a8e70-84f2-4a45-accf-0f9b82cee44a,danang,2024-07-05 07:00:00,2024-07-05 15:00:00,2024-07-05,9,210,9,o3,AQI>=151_4h
0aa765ef-1c95-4b3b-9732-be4e8e2ef645,danang,2024-07-06 07:00:00,2024-07-06 12:00:00,2024-07-06,6,195,6,o3,AQI>=151_4h
2cc67824-3574-46c5-8b45-85616dd34e9e,danang,2024-07-09 07:00:00,2024-07-09 16:00:00,2024-07-09,10,211,10,o3,AQI>=151_4h
cc63e711-95a3-4e21-a324-7d77d9f68f19,danang,2024-07-10 07:00:00,2024-07-10 17:00:00,2024-07-10,11,228,11,o3,AQI>=151_4h
d35ef496-da08-4049-827d-ebcf434ff881,danang,2024-07-11 08:00:00,2024-07-11 13:00:00,2024-07-11,6,178,6,o3,AQI>=151_4h
5ba320fd-9938-4b73-b14f-63cfe7c00e93,danang,2024-07-12 07:00:00,2024-07-12 18:00:00,2024-07-12,12,224,12,o3,AQI>=151_4h
92891f3a-a2b9-44b7-91ad-130303751d4a,danang,2024-07-13 05:00:00,2024-07-13 13:00:00,2024-07-13,9,215,9,o3,AQI>=151_4h
87601230-cf5b-470b-ad96-84f4a8579ec9,danang,2024-07-17 08:00:00,2024-07-17 16:00:00,2024-07-17,9,195,9,o3,AQI>=151_4h
453be54f-7136-493f-abfb-87931780701c,danang,2024-07-18 08:00:00,2024-07-18 14:00:00,2024-07-18,7,202,7,o3,AQI>=151_4h
42b1d1e6-3bfe-4fd3-80ee-ecfd3fe504e6,danang,2024-07-22 08:00:00,2024-07-22 16:00:00,2024-07-22,9,214,9,o3,AQI>=151_4h
1037810d-ff18-489f-916f-9f73bf5f7e07,danang,2024-07-27 09:00:00,2024-07-27 15:00:00,2024-07-27,7,186,7,o3,AQI>=151_4h
d71572c2-8c68-4b3c-82c3-36ff2fa10baf,danang,2024-07-30 11:00:00,2024-07-30 16:00:00,2024-07-30,6,175,6,o3,AQI>=151_4h
5d5a42bf-86bd-42f6-834c-81a164b5de14,danang,2024-07-31 10:00:00,2024-07-31 17:00:00,2024-07-31,8,202,8,o3,AQI>=151_4h
21ed207a-ba2e-4849-8c51-79dace251a51,danang,2024-08-01 10:00:00,2024-08-01 19:00:00,2024-08-01,10,207,10,o3,AQI>=151_4h
079ecc95-4e17-42bc-975b-85d3b002c3c2,danang,2024-08-02 08:00:00,2024-08-03 00:00:00,2024-08-02,17,235,17,o3,AQI>=151_4h
d87688d3-b601-42d3-9452-11278d2e98de,danang,2024-08-03 05:00:00,2024-08-03 21:00:00,2024-08-03,17,229,17,o3,AQI>=151_4h
30639e66-5bf6-496f-93cc-0085e8c3f227,danang,2024-08-04 05:00:00,2024-08-04 20:00:00,2024-08-04,16,230,16,o3,AQI>=151_4h
05d964f0-4fe5-40ee-a928-5453f5c93fe7,danang,2024-08-05 07:00:00,2024-08-05 19:00:00,2024-08-05,13,238,13,o3,AQI>=151_4h
6dc236af-672d-4881-87f0-f1b56cba1208,danang,2024-08-06 06:00:00,2024-08-06 16:00:00,2024-08-06,11,231,11,o3,AQI>=151_4h
9b2e4ed9-d1b3-4458-bffb-6d0ab80f3ef7,danang,2024-08-07 07:00:00,2024-08-07 15:00:00,2024-08-07,9,207,9,o3,AQI>=151_4h
83ab69bd-964c-4760-aa59-0107e6ccfb98,danang,2024-08-08 07:00:00,2024-08-08 17:00:00,2024-08-08,11,221,11,o3,AQI>=151_4h
53ae598c-08e7-444a-8d6d-38e7e64aa2fc,danang,2024-08-09 06:00:00,2024-08-09 21:00:00,2024-08-09,16,241,16,o3,AQI>=151_4h
1ab2e5e3-ae77-42db-8825-17621f3485c3,danang,2024-08-10 09:00:00,2024-08-10 16:00:00,2024-08-10,8,210,8,o3,AQI>=151_4h
7e8edb00-b65a-4e6a-8164-87cac8410585,danang,2024-08-11 09:00:00,2024-08-11 16:00:00,2024-08-11,8,195,8,o3,AQI>=151_4h
0b1859bb-f372-494c-964e-a0d4a289989e,danang,2024-08-12 10:00:00,2024-08-12 18:00:00,2024-08-12,9,196,9,o3,AQI>=151_4h
2ba9e59c-dc10-4cd1-9a56-b46b6d4c7dd7,danang,2024-08-14 07:00:00,2024-08-14 15:00:00,2024-08-14,9,207,9,o3,AQI>=151_4h
82886989-ca37-4077-a506-2ca90417e35f,danang,2024-08-15 08:00:00,2024-08-15 18:00:00,2024-08-15,11,215,11,o3,AQI>=151_4h
2402ff36-0711-488e-bbce-cb2f80305212,danang,2024-08-16 08:00:00,2024-08-16 18:00:00,2024-08-16,11,223,11,o3,AQI>=151_4h
e5d3c880-989c-414c-96c4-84154205255d,danang,2024-08-17 07:00:00,2024-08-17 18:00:00,2024-08-17,12,217,12,o3,AQI>=151_4h
52e9dc68-8588-4476-a460-9b0a13288d3c,danang,2024-08-18 07:00:00,2024-08-18 18:00:00,2024-08-18,12,226,12,o3,AQI>=151_4h
2e9c45fd-a62f-46ca-a5e5-f28cd136b1bc,danang,2024-08-19 08:00:00,2024-08-19 17:00:00,2024-08-19,10,213,10,o3,AQI>=151_4h
358771f0-8f7f-46c0-b256-840eeef33521,danang,2024-08-20 08:00:00,2024-08-20 15:00:00,2024-08-20,8,209,8,o3,AQI>=151_4h
c17a1285-27c9-4500-a7ee-8f7a65c037b7,danang,2024-08-21 08:00:00,2024-08-21 16:00:00,2024-08-21,9,205,9,o3,AQI>=151_4h
f0c062ec-2fac-4515-b11e-0ecd09b4d5d9,danang,2024-08-22 08:00:00,2024-08-22 13:00:00,2024-08-22,6,191,6,o3,AQI>=151_4h
0470e69a-03db-45f3-849b-379ad5fc5684,danang,2024-08-23 08:00:00,2024-08-23 15:00:00,2024-08-23,8,200,8,o3,AQI>=151_4h
a1f989b5-009a-4b8f-8345-4c7fcd4ea97b,danang,2024-08-24 08:00:00,2024-08-24 13:00:00,2024-08-24,6,188,6,o3,AQI>=151_4h
bc60eead-1177-4d50-ab93-9d7ca942a16c,danang,2024-08-25 08:00:00,2024-08-25 12:00:00,2024-08-25,5,180,5,o3,AQI>=151_4h
632fadc0-eb3b-43d6-9e86-2d7b13d77c81,danang,2024-08-26 07:00:00,2024-08-26 14:00:00,2024-08-26,8,212,8,o3,AQI>=151_4h
69b6a0b3-0c68-4f33-8afc-3b36c67e289e,danang,2024-08-27 07:00:00,2024-08-27 13:00:00,2024-08-27,7,200,7,o3,AQI>=151_4h
0e17f9b5-0f34-4293-9491-ef7c7700d195,danang,2024-09-01 07:00:00,2024-09-01 12:00:00,2024-09-01,6,192,6,o3,AQI>=151_4h
46e64f3f-c1aa-405c-bfcf-519606276ea0,danang,2024-09-08 09:00:00,2024-09-08 15:00:00,2024-09-08,7,191,7,o3,AQI>=151_4h
25d23a3a-2625-4352-a539-97c750f2a56e,danang,2024-09-09 09:00:00,2024-09-09 17:00:00,2024-09-09,9,209,9,o3,AQI>=151_4h
e08972d7-f9e7-44ed-918d-de8b3a08f8e7,danang,2024-09-10 09:00:00,2024-09-10 13:00:00,2024-09-10,5,185,5,o3,AQI>=151_4h
e22f7e15-8edc-44fd-8a89-c4d02f6dff9c,danang,2024-09-11 09:00:00,2024-09-11 15:00:00,2024-09-11,7,177,7,o3,AQI>=151_4h
76009fed-21dd-4ad3-831d-19df29a8e025,danang,2024-09-12 08:00:00,2024-09-12 14:00:00,2024-09-12,7,201,7,o3,AQI>=151_4h
48b8ca3e-bc16-4806-bc56-afef90cf7f0a,danang,2024-09-20 07:00:00,2024-09-20 15:00:00,2024-09-20,9,215,9,o3,AQI>=151_4h
77b0329f-8d19-4683-b0b0-b7007d5db20f,danang,2024-09-23 11:00:00,2024-09-23 14:00:00,2024-09-23,4,162,4,o3,AQI>=151_4h
82a543a3-1ce3-4a74-bd3d-202a579fcc7f,danang,2024-09-29 09:00:00,2024-09-29 14:00:00,2024-09-29,6,184,6,o3,AQI>=151_4h
5ec34e4f-50c9-45cc-bae6-766cdaa0ba7a,danang,2024-09-30 08:00:00,2024-09-30 15:00:00,2024-09-30,8,200,8,o3,AQI>=151_4h
546a82ae-4ae2-4747-aa00-88e0a7a4dc98,danang,2024-10-01 07:00:00,2024-10-01 16:00:00,2024-10-01,10,207,10,o3,AQI>=151_4h
3362b31c-614c-4b2f-914b-a52ec8dc77b0,danang,2025-01-03 13:00:00,2025-01-03 18:00:00,2025-01-03,6,160,6,o3,AQI>=151_4h
7d2fd8b9-e7a1-4102-ba53-e9cfb6eff873,danang,2025-03-04 10:00:00,2025-03-04 13:00:00,2025-03-04,4,168,4,o3,AQI>=151_4h
6fdf7e62-3a62-45a2-985f-02a06c8a1277,danang,2025-03-13 09:00:00,2025-03-13 13:00:00,2025-03-13,5,180,5,o3,AQI>=151_4h
4ffc9bad-370f-4a88-bdee-c86a9bbc14ef,danang,2025-03-15 08:00:00,2025-03-15 13:00:00,2025-03-15,6,197,6,o3,AQI>=151_4h
9224e04d-6efd-4341-b82f-64906034197e,danang,2025-03-25 09:00:00,2025-03-25 12:00:00,2025-03-25,4,165,4,o3,AQI>=151_4h
8c543ee1-d829-49ed-9a88-1c43cf9dc513,danang,2025-03-26 09:00:00,2025-03-26 13:00:00,2025-03-26,5,173,5,o3,AQI>=151_4h
70fffce6-c39e-4d02-86d5-8e5106623dd5,danang,2025-03-27 07:00:00,2025-03-27 15:00:00,2025-03-27,9,224,9,o3,AQI>=151_4h
b16ee042-a87b-4e01-bb73-b24fbf92c778,danang,2025-03-28 07:00:00,2025-03-28 13:00:00,2025-03-28,7,205,7,o3,AQI>=151_4h
eb9ccf6c-e81b-4c7a-b1bf-45e225660b52,danang,2025-04-05 09:00:00,2025-04-05 13:00:00,2025-04-05,5,173,5,o3,AQI>=151_4h
34797d79-5dd8-4365-8b15-14f0e2230b58,danang,2025-04-06 07:00:00,2025-04-06 13:00:00,2025-04-06,7,208,7,o3,AQI>=151_4h
480c2372-085f-41c0-bc94-af57e64e2ef8,danang,2025-04-07 03:00:00,2025-04-08 02:00:00,2025-04-07,24,256,24,o3,AQI>=151_4h
abb1a3d5-f158-4877-81d8-88d2898fd9df,danang,2025-04-09 08:00:00,2025-04-09 12:00:00,2025-04-09,5,180,5,o3,AQI>=151_4h
7df470bc-28a8-4e32-83e0-f565085f0749,danang,2025-04-10 07:00:00,2025-04-11 15:00:00,2025-04-10,33,226,33,o3,AQI>=151_4h
4966acf7-604f-4563-8b52-d359039695b7,danang,2025-04-12 04:00:00,2025-04-12 17:00:00,2025-04-12,14,283,14,o3,AQI>=151_4h
47470886-a109-4f3f-9a74-d33c7395512a,danang,2025-04-17 06:00:00,2025-04-17 16:00:00,2025-04-17,11,237,11,o3,AQI>=151_4h
38eb63de-4b1e-4051-910e-79af825c3b91,danang,2025-04-18 04:00:00,2025-04-18 16:00:00,2025-04-18,13,250,13,o3,AQI>=151_4h
167e60eb-db15-4cbf-a105-a2a67e623e0e,danang,2025-04-19 08:00:00,2025-04-19 13:00:00,2025-04-19,6,205,6,o3,AQI>=151_4h
ebf41f7e-d74d-4582-b710-4bd1d31249f6,danang,2025-04-20 09:00:00,2025-04-20 12:00:00,2025-04-20,4,171,4,o3,AQI>=151_4h
4b7d17b7-77fe-4214-91f0-5a814da6f963,danang,2025-04-21 08:00:00,2025-04-21 12:00:00,2025-04-21,5,173,5,o3,AQI>=151_4h
083f66ad-8307-4c39-b626-5c6063a15f5d,danang,2025-04-22 07:00:00,2025-04-22 14:00:00,2025-04-22,8,210,8,o3,AQI>=151_4h
1b49a245-2602-48c9-972b-c475786f0317,danang,2025-04-23 06:00:00,2025-04-23 14:00:00,2025-04-23,9,224,9,o3,AQI>=151_4h
e2146dde-72f2-4b14-ac23-6719367d0a6d,danang,2025-04-24 06:00:00,2025-04-24 16:00:00,2025-04-24,11,242,11,o3,AQI>=151_4h
92c72146-6392-4788-b8f3-351dc60cd8f6,danang,2025-04-25 03:00:00,2025-04-26 22:00:00,2025-04-25,44,271,44,o3,AQI>=151_4h
96f756ce-2464-4069-adb8-e24f9d1eae66,danang,2025-04-28 09:00:00,2025-04-28 12:00:00,2025-04-28,4,174,4,o3,AQI>=151_4h
6346f579-fd18-4e2b-be5e-06be53ecdf72,danang,2025-04-29 08:00:00,2025-04-29 14:00:00,2025-04-29,7,201,7,o3,AQI>=151_4h
8c972175-699d-476c-9d52-f546b02e2b4a,danang,2025-04-30 08:00:00,2025-04-30 13:00:00,2025-04-30,6,202,6,o3,AQI>=151_4h
012a6eae-c3a3-498a-ae3c-e7b4ddffe23e,danang,2025-05-01 09:00:00,2025-05-01 12:00:00,2025-05-01,4,162,4,o3,AQI>=151_4h
4bbe1dd2-9a6d-4509-9e15-477d19c2bfef,danang,2025-05-03 08:00:00,2025-05-03 11:00:00,2025-05-03,4,167,4,o3,AQI>=151_4h
b3c71eba-6501-437a-90d2-9f88b82d7ee3,danang,2025-05-04 07:00:00,2025-05-04 12:00:00,2025-05-04,6,191,6,o3,AQI>=151_4h
3069e6e8-4063-444f-bf2f-ae7f05acc187,danang,2025-05-05 08:00:00,2025-05-05 12:00:00,2025-05-05,5,186,5,o3,AQI>=151_4h
9b6f30cd-8297-4f22-989e-0e258c28bd63,danang,2025-05-06 07:00:00,2025-05-06 13:00:00,2025-05-06,7,208,7,o3,AQI>=151_4h
62f2aba0-5e3a-4f44-8094-87296671604b,danang,2025-05-07 04:00:00,2025-05-07 21:00:00,2025-05-07,18,266,18,o3,AQI>=151_4h
1b096116-fac7-4958-962b-d0c6e257cf10,danang,2025-05-08 05:00:00,2025-05-08 15:00:00,2025-05-08,11,229,11,o3,AQI>=151_4h
36080abb-bd31-4c4a-9e1a-119cf813f9a4,danang,2025-05-09 04:00:00,2025-05-09 17:00:00,2025-05-09,14,263,14,o3,AQI>=151_4h
592bb1ba-b348-4e04-a392-b5aa54d76064,danang,2025-05-10 07:00:00,2025-05-10 14:00:00,2025-05-10,8,208,8,o3,AQI>=151_4h
074ef2db-910d-45ab-b895-563797d92a10,danang,2025-05-11 08:00:00,2025-05-11 14:00:00,2025-05-11,7,194,7,o3,AQI>=151_4h
894b02aa-f36c-42cf-b4e9-a9e4cfa1a16e,danang,2025-05-13 07:00:00,2025-05-13 15:00:00,2025-05-13,9,192,9,o3,AQI>=151_4h
ff9b952d-80e6-45e4-8270-0503fbdd11ac,danang,2025-05-14 07:00:00,2025-05-14 12:00:00,2025-05-14,6,182,6,o3,AQI>=151_4h
a8d5d804-415e-4b89-951b-993af59753c0,danang,2025-05-18 08:00:00,2025-05-18 11:00:00,2025-05-18,4,165,4,o3,AQI>=151_4h
f7160e7d-d6ca-492c-a888-6030f8af7b64,danang,2025-05-20 06:00:00,2025-05-20 12:00:00,2025-05-20,7,202,7,o3,AQI>=151_4h
dbafbb83-36f2-4b8f-8cd8-91544efb2b20,danang,2025-05-23 08:00:00,2025-05-23 11:00:00,2025-05-23,4,172,4,o3,AQI>=151_4h
b405fd61-b412-4c8f-b5b8-5e5218e14fd6,danang,2025-05-29 06:00:00,2025-05-29 15:00:00,2025-05-29,10,224,10,o3,AQI>=151_4h
233b7baf-932c-47e6-a9cb-733d25b17f45,danang,2025-05-30 08:00:00,2025-05-30 18:00:00,2025-05-30,11,227,11,o3,AQI>=151_4h
7fa699ca-50ea-41eb-82ec-be7b6aa26fce,danang,2025-05-31 06:00:00,2025-05-31 20:00:00,2025-05-31,15,255,15,o3,AQI>=151_4h
1f8a4b69-89a7-4135-8843-0082afff62b7,danang,2025-06-01 09:00:00,2025-06-01 17:00:00,2025-06-01,9,208,9,o3,AQI>=151_4h
7ab75f5b-01ab-4afc-a8d5-aec2d276ba66,danang,2025-06-02 08:00:00,2025-06-02 16:00:00,2025-06-02,9,216,9,o3,AQI>=151_4h
b3236ff9-3a18-4fa7-8ded-561a54313b50,danang,2025-06-03 05:00:00,2025-06-03 16:00:00,2025-06-03,12,250,12,o3,AQI>=151_4h
f882068b-7475-49d6-a01b-b6b26717c326,danang,2025-06-04 07:00:00,2025-06-04 16:00:00,2025-06-04,10,226,10,o3,AQI>=151_4h
5f7ee41a-0415-4922-a1b2-2e76bc3f58c3,danang,2025-06-05 05:00:00,2025-06-05 14:00:00,2025-06-05,10,220,10,o3,AQI>=151_4h
269f0f22-a673-4449-bb7a-8bbbebd3be59,danang,2025-06-06 05:00:00,2025-06-06 19:00:00,2025-06-06,15,248,15,o3,AQI>=151_4h
acee5395-7dd5-4e63-8acd-3fd2ba3ed81b,danang,2025-06-07 06:00:00,2025-06-07 19:00:00,2025-06-07,14,242,14,o3,AQI>=151_4h
49b032a5-a24d-4489-b928-5594e69a948f,danang,2025-06-08 07:00:00,2025-06-08 18:00:00,2025-06-08,12,241,12,o3,AQI>=151_4h
49779dcd-21e2-4eed-90ff-ad0d68bb96e3,danang,2025-06-09 09:00:00,2025-06-09 19:00:00,2025-06-09,11,205,11,o3,AQI>=151_4h
71b15c03-b283-451f-9f98-124ba577118c,danang,2025-06-14 08:00:00,2025-06-14 15:00:00,2025-06-14,8,220,8,o3,AQI>=151_4h
d92fda0d-9549-473d-803d-9913fb737e89,danang,2025-06-15 08:00:00,2025-06-15 19:00:00,2025-06-15,12,222,12,o3,AQI>=151_4h
cfea6565-63b9-4421-8cc0-c38e5e507862,danang,2025-06-16 06:00:00,2025-06-16 20:00:00,2025-06-16,15,245,15,o3,AQI>=151_4h
a21f42af-24ae-4bde-a178-fe4c52345d20,danang,2025-06-17 06:00:00,2025-06-17 17:00:00,2025-06-17,12,233,12,o3,AQI>=151_4h
12ce2024-5297-4047-9912-d395c0260329,danang,2025-06-18 07:00:00,2025-06-18 18:00:00,2025-06-18,12,222,12,o3,AQI>=151_4h
d6ba6d93-a28a-46d9-9d1a-0bd2fc33f618,danang,2025-06-19 07:00:00,2025-06-19 19:00:00,2025-06-19,13,234,13,o3,AQI>=151_4h
314d43b1-3c45-4f74-8313-1f6a7c28fc6e,danang,2025-06-20 06:00:00,2025-06-20 19:00:00,2025-06-20,14,225,14,o3,AQI>=151_4h
d0f6d945-55e8-4284-887c-c09c7b7f1cad,danang,2025-06-21 07:00:00,2025-06-21 16:00:00,2025-06-21,10,215,10,o3,AQI>=151_4h
6f16ff42-2d1a-4f06-b254-656659861cc6,danang,2025-06-22 07:00:00,2025-06-22 16:00:00,2025-06-22,10,212,10,o3,AQI>=151_4h
7853da8d-e843-4d31-9346-d1b4c8301efd,danang,2025-06-23 07:00:00,2025-06-23 20:00:00,2025-06-23,14,239,14,o3,AQI>=151_4h
d2e7586b-6476-49cb-889f-f34bdf623b88,danang,2025-06-24 05:00:00,2025-06-24 23:00:00,2025-06-24,19,244,19,o3,AQI>=151_4h
2cb458cc-d07f-40a8-8399-98a53803f7c1,danang,2025-06-25 03:00:00,2025-06-25 15:00:00,2025-06-25,13,234,13,o3,AQI>=151_4h
cac5f8e7-bd53-447f-9d3a-36606ac06f0c,danang,2025-06-26 06:00:00,2025-06-26 19:00:00,2025-06-26,14,227,14,o3,AQI>=151_4h
94c69e7f-6b05-4cc6-bd46-a962b3ac1810,danang,2025-06-27 07:00:00,2025-06-27 16:00:00,2025-06-27,10,219,10,o3,AQI>=151_4h
5a643622-86fc-4ada-879b-d415fbc80524,danang,2025-06-28 08:00:00,2025-06-28 16:00:00,2025-06-28,9,214,9,o3,AQI>=151_4h
991a2c57-0177-4c1d-8e7a-b94afab09a62,danang,2025-06-29 07:00:00,2025-06-29 17:00:00,2025-06-29,11,228,11,o3,AQI>=151_4h
bf894245-6b1b-43cb-97fa-4e6cb228bb5a,danang,2025-06-30 08:00:00,2025-06-30 15:00:00,2025-06-30,8,215,8,o3,AQI>=151_4h
936a5309-8cf1-4660-849b-68ba1c3e75f0,danang,2025-07-01 08:00:00,2025-07-01 15:00:00,2025-07-01,8,198,8,o3,AQI>=151_4h
2e07a08e-5944-4c39-85f2-c7cbbdce2d71,danang,2025-07-02 09:00:00,2025-07-02 13:00:00,2025-07-02,5,176,5,o3,AQI>=151_4h
21ba99bd-3be3-4908-81ad-e242edae6796,danang,2025-07-03 09:00:00,2025-07-03 13:00:00,2025-07-03,5,166,5,o3,AQI>=151_4h
621b9ef4-c137-4f45-b0f1-29faba8e38e1,danang,2025-07-04 07:00:00,2025-07-04 20:00:00,2025-07-04,14,212,14,o3,AQI>=151_4h
523e3da2-3b23-45c1-a4f5-8d999a4afb45,danang,2025-07-05 07:00:00,2025-07-05 20:00:00,2025-07-05,14,226,14,o3,AQI>=151_4h
81cc47a6-28b5-43eb-9e3a-5d178f5bcc54,danang,2025-07-06 08:00:00,2025-07-06 20:00:00,2025-07-06,13,215,13,o3,AQI>=151_4h
b7904aa8-4448-43ac-807b-3bffaf9ed125,danang,2025-07-07 07:00:00,2025-07-07 19:00:00,2025-07-07,13,241,13,o3,AQI>=151_4h
ad11da2f-ea67-499d-b517-2c50f97fa12e,danang,2025-07-08 08:00:00,2025-07-08 15:00:00,2025-07-08,8,208,8,o3,AQI>=151_4h
04b1a3cd-25ce-4480-8a6e-8f37ef69b634,danang,2025-07-09 08:00:00,2025-07-09 16:00:00,2025-07-09,9,235,9,o3,AQI>=151_4h
1223da8b-6a10-4041-a93b-ba53ab05aa70,danang,2025-07-10 08:00:00,2025-07-10 17:00:00,2025-07-10,10,227,10,o3,AQI>=151_4h
6d812b20-d9c9-4e56-a62a-1512128a84dc,danang,2025-07-11 08:00:00,2025-07-11 20:00:00,2025-07-11,13,217,13,o3,AQI>=151_4h
5fb1fc2f-57fe-4772-9243-9f1a43f94314,danang,2025-07-12 07:00:00,2025-07-12 15:00:00,2025-07-12,9,211,9,o3,AQI>=151_4h
5b333d52-1d13-4279-9a49-6bd233bc4167,danang,2025-07-13 06:00:00,2025-07-13 18:00:00,2025-07-13,13,230,13,o3,AQI>=151_4h
cca3253f-1ab9-468d-b89b-232138743ae6,danang,2025-07-14 07:00:00,2025-07-14 17:00:00,2025-07-14,11,234,11,o3,AQI>=151_4h
98ebae14-dc24-44e3-ac9c-df35f9ed72e7,danang,2025-07-15 08:00:00,2025-07-15 17:00:00,2025-07-15,10,218,10,o3,AQI>=151_4h
2b81f76b-ec1e-41ad-9861-d199ee8acb7c,danang,2025-07-16 07:00:00,2025-07-16 19:00:00,2025-07-16,13,236,13,o3,AQI>=151_4h
fffb633c-783d-4e79-bd52-da1d3efbf0b1,danang,2025-07-17 08:00:00,2025-07-17 17:00:00,2025-07-17,10,206,10,o3,AQI>=151_4h
b4d3f118-6bd7-4662-82f8-f4938660daa1,danang,2025-07-18 08:00:00,2025-07-18 16:00:00,2025-07-18,9,206,9,o3,AQI>=151_4h
26068921-f2f4-4427-a6cc-657d40816363,danang,2025-07-23 09:00:00,2025-07-23 15:00:00,2025-07-23,7,186,7,o3,AQI>=151_4h
5ef2fad5-18fd-410e-adfb-1278ab544460,danang,2025-07-27 11:00:00,2025-07-27 16:00:00,2025-07-27,6,192,6,o3,AQI>=151_4h
335fcca4-9909-4dd7-a7de-fdff52ff360c,danang,2025-07-29 08:00:00,2025-07-29 17:00:00,2025-07-29,10,215,10,o3,AQI>=151_4h
f7b563e6-fd24-4303-9838-4f85b64b6f9d,danang,2025-07-31 09:00:00,2025-07-31 13:00:00,2025-07-31,5,172,5,o3,AQI>=151_4h
c1c64c7b-549c-4458-8564-1eff76ea9850,danang,2025-08-01 09:00:00,2025-08-01 15:00:00,2025-08-01,7,191,7,o3,AQI>=151_4h
ae302dff-324e-4854-9523-23395a0a5b20,danang,2025-08-02 08:00:00,2025-08-02 17:00:00,2025-08-02,10,215,10,o3,AQI>=151_4h
dca1f3b3-2fc8-4b7f-bbe2-b0132ec0a8cc,danang,2025-08-03 08:00:00,2025-08-03 16:00:00,2025-08-03,9,219,9,o3,AQI>=151_4h
ba4b0de7-64ba-43c2-8c88-6f2808241d2b,danang,2025-08-04 09:00:00,2025-08-04 16:00:00,2025-08-04,8,216,8,o3,AQI>=151_4h
5702ec90-97ae-4a98-b271-0ddfe5fa445c,danang,2025-08-05 07:00:00,2025-08-05 18:00:00,2025-08-05,12,223,12,o3,AQI>=151_4h
3cb4fd75-31ae-4a20-86f4-1ccd47527f3c,danang,2025-08-06 09:00:00,2025-08-06 16:00:00,2025-08-06,8,200,8,o3,AQI>=151_4h
267004d2-da23-4b9e-86fc-ae9ed3f1bf37,danang,2025-08-07 06:00:00,2025-08-07 19:00:00,2025-08-07,14,248,14,o3,AQI>=151_4h
785bd389-22df-4cdb-8e05-d1c11805536d,danang,2025-08-08 06:00:00,2025-08-08 17:00:00,2025-08-08,12,231,12,o3,AQI>=151_4h
4485328d-2ca3-46b1-8eb0-cbb887bad4d6,danang,2025-08-09 07:00:00,2025-08-09 16:00:00,2025-08-09,10,214,10,o3,AQI>=151_4h
f32f958b-02ef-4cd0-a12d-f43021425a4a,danang,2025-08-10 07:00:00,2025-08-10 18:00:00,2025-08-10,12,215,12,o3,AQI>=151_4h
605f3d6f-f5a4-481c-91cd-2b1df768933c,danang,2025-08-11 07:00:00,2025-08-11 19:00:00,2025-08-11,13,225,13,o3,AQI>=151_4h
7178d5cb-c2df-45ff-8986-8fb2ed5b8f6f,danang,2025-08-12 07:00:00,2025-08-12 18:00:00,2025-08-12,12,232,12,o3,AQI>=151_4h
5f49addc-754d-4738-91de-e590ca58cc97,danang,2025-08-13 08:00:00,2025-08-13 17:00:00,2025-08-13,10,213,10,o3,AQI>=151_4h
f6cebbc2-1e03-4591-9315-f14259ea39ae,danang,2025-08-14 08:00:00,2025-08-14 15:00:00,2025-08-14,8,197,8,o3,AQI>=151_4h
a42b206a-43a5-47d8-8ebf-1c77d864ac94,danang,2025-08-15 07:00:00,2025-08-15 12:00:00,2025-08-15,6,197,6,o3,AQI>=151_4h
dc5f68c7-3e86-4f81-ab7f-3265365e7194,danang,2025-08-18 07:00:00,2025-08-18 18:00:00,2025-08-18,12,222,12,o3,AQI>=151_4h
237e9840-1196-4063-a99b-553a6ce65eed,danang,2025-08-19 08:00:00,2025-08-19 19:00:00,2025-08-19,12,227,12,o3,AQI>=151_4h
99992d17-fb9f-4dc3-b4e3-844757b605e2,danang,2025-08-20 06:00:00,2025-08-20 14:00:00,2025-08-20,9,210,9,o3,AQI>=151_4h
d2ffc6a5-f298-48a3-842e-f97302f487f8,danang,2025-08-23 07:00:00,2025-08-23 14:00:00,2025-08-23,8,211,8,o3,AQI>=151_4h
f7eae44b-f1a2-4af3-b8c3-1d147c90b077,danang,2025-09-05 08:00:00,2025-09-05 12:00:00,2025-09-05,5,183,5,o3,AQI>=151_4h
6cc39db3-ee1e-488d-bf8d-9b1e44971af9,danang,2025-09-08 08:00:00,2025-09-08 14:00:00,2025-09-08,7,198,7,o3,AQI>=151_4h
e601c112-15a2-4dbb-8682-876392640f07,danang,2025-09-09 09:00:00,2025-09-09 16:00:00,2025-09-09,8,187,8,o3,AQI>=151_4h
01e082a3-60cb-4f5c-9654-94020a9aeabe,danang,2025-09-10 08:00:00,2025-09-10 15:00:00,2025-09-10,8,200,8,o3,AQI>=151_4h
a773a378-9739-43f0-ae01-e79258f6db5f,danang,2025-09-11 07:00:00,2025-09-11 11:00:00,2025-09-11,5,170,5,o3,AQI>=151_4h
d04226d0-9a0e-44b9-9823-3984f0a2c65a,danang,2025-09-21 07:00:00,2025-09-21 17:00:00,2025-09-21,11,234,11,o3,AQI>=151_4h
80b7f240-38c4-4e55-9e61-5140c494725f,danang,2025-10-05 09:00:00,2025-10-05 15:00:00,2025-10-05,7,201,7,o3,AQI>=151_4h
36e7e15c-3201-4c03-a567-596bcc28969a,danang,2025-10-06 10:00:00,2025-10-06 15:00:00,2025-10-06,6,178,6,o3,AQI>=151_4h
943b7487-3592-41af-9c1c-cb1a9149a7f0,danang,2025-10-07 08:00:00,2025-10-07 11:00:00,2025-10-07,4,165,4,o3,AQI>=151_4h
cb6e6398-1d83-474e-a6a9-229b39cbe63d,hanoi,2024-01-30 00:00:00,2024-02-01 07:00:00,2024-01-30,56,166,56,pm25,AQI>=151_4h
bc19f8d8-5f64-4943-ba8c-1aa1378ec643,hanoi,2024-02-11 22:00:00,2024-02-12 16:00:00,2024-02-11,19,155,19,pm25,AQI>=151_4h
c8e11f13-9306-471d-a3d1-59cae84b521f,hanoi,2024-03-02 19:00:00,2024-03-03 18:00:00,2024-03-02,24,159,24,pm25,AQI>=151_4h
73822eac-3bd4-438a-b3f2-49448e6a400e,hanoi,2024-03-04 11:00:00,2024-03-04 15:00:00,2024-03-04,5,187,5,o3,AQI>=151_4h
19025500-e143-4dc7-92c9-b73e76ccf262,hanoi,2024-03-05 09:00:00,2024-03-06 07:00:00,2024-03-05,23,224,23,o3,AQI>=151_4h
2503081a-e92a-44e4-8595-d5984393ac28,hanoi,2024-03-07 17:00:00,2024-03-09 22:00:00,2024-03-07,54,164,54,pm25,AQI>=151_4h
5dee4686-01f0-4266-852e-df4e8276083d,hanoi,2024-03-12 08:00:00,2024-03-12 18:00:00,2024-03-12,11,153,11,pm25,AQI>=151_4h
9d7e1dfa-d58d-4968-91f8-42b66828642b,hanoi,2024-03-20 20:00:00,2024-03-21 23:00:00,2024-03-20,28,162,28,pm25,AQI>=151_4h
fabcc1e4-b92f-47c0-b63d-6f0adb2dcd89,hanoi,2024-03-31 10:00:00,2024-04-01 16:00:00,2024-03-31,31,229,31,o3,AQI>=151_4h
db635dd6-becc-47da-9f34-40f35f98c16a,hanoi,2024-04-02 07:00:00,2024-04-02 15:00:00,2024-04-02,9,229,9,o3,AQI>=151_4h
183a77ce-cc27-45ac-a2ef-fbe70a0a54dd,hanoi,2024-04-03 07:00:00,2024-04-04 06:00:00,2024-04-03,24,238,24,o3,AQI>=151_4h
56b3d346-2f03-4b9b-b7c5-f26474ca36b2,hanoi,2024-04-04 08:00:00,2024-04-04 15:00:00,2024-04-04,8,222,8,o3,AQI>=151_4h
e9e5230b-8896-4701-9fac-0dc47b6c0f0c,hanoi,2024-04-09 11:00:00,2024-04-10 18:00:00,2024-04-09,32,159,32,pm25,AQI>=151_4h
0d25309b-6d11-474b-b2d3-caf9a9755ecc,hanoi,2024-04-18 10:00:00,2024-04-18 15:00:00,2024-04-18,6,188,6,o3,AQI>=151_4h
e2d6ad8d-1d6c-4f9c-92df-81610e1ca4c6,hanoi,2024-04-19 08:00:00,2024-04-19 15:00:00,2024-04-19,8,211,8,o3,AQI>=151_4h
5f17ddbc-54ad-4847-9da2-93fde6a4014e,hanoi,2024-04-25 10:00:00,2024-04-25 15:00:00,2024-04-25,6,189,6,o3,AQI>=151_4h
cf859ec4-c1d6-40d2-be1a-a18f816b7f5b,hanoi,2024-04-26 04:00:00,2024-04-27 14:00:00,2024-04-26,35,227,35,pm25,AQI>=151_4h
e6abc6c1-70c7-4024-a35c-1aa7447f2a38,hanoi,2024-04-27 17:00:00,2024-04-28 00:00:00,2024-04-27,8,151,8,pm25,AQI>=151_4h
efe3dec5-9aab-4369-b072-5955c5e3d5c1,hanoi,2024-04-28 07:00:00,2024-04-28 17:00:00,2024-04-28,11,242,11,o3,AQI>=151_4h
dd9aa8a4-4ca1-42e4-aef4-b5a6b2da28e2,hanoi,2024-04-29 05:00:00,2024-05-01 05:00:00,2024-04-29,49,253,49,pm25,AQI>=151_4h
79d5bd94-77fc-4bef-9a61-aa1755c8c830,hanoi,2024-05-02 18:00:00,2024-05-03 04:00:00,2024-05-02,11,152,11,pm25,AQI>=151_4h
d074a72a-00c2-4ebc-8ce0-0ab07f331a94,hanoi,2024-05-04 09:00:00,2024-05-04 16:00:00,2024-05-04,8,206,8,o3,AQI>=151_4h
6b81d0c5-c2ab-4dae-8a84-cae1980315ce,hanoi,2024-05-06 03:00:00,2024-05-06 10:00:00,2024-05-06,8,152,8,pm25,AQI>=151_4h
85891cd1-cfef-4f5f-b587-735491d790b6,hanoi,2024-05-08 06:00:00,2024-05-08 19:00:00,2024-05-08,14,152,14,pm25,AQI>=151_4h
0d6e1cd1-8cac-4382-ab5a-5866852c85ba,hanoi,2024-05-14 07:00:00,2024-05-14 16:00:00,2024-05-14,10,210,10,pm25,AQI>=151_4h
9b231b7d-802d-48a0-a026-182095fd139c,hanoi,2024-05-21 04:00:00,2024-05-22 06:00:00,2024-05-21,27,180,27,pm25,AQI>=151_4h
6af55017-a400-4b3d-97cd-b492a8e07725,hanoi,2024-05-23 03:00:00,2024-05-24 17:00:00,2024-05-23,39,220,39,pm25,AQI>=151_4h
a5e2ae09-dfdf-49b2-b4fd-e6ecb2591fee,hanoi,2024-05-26 10:00:00,2024-05-26 13:00:00,2024-05-26,4,172,4,o3,AQI>=151_4h
65cf303a-39f4-4a82-87f9-f4ca4aab3d26,hanoi,2024-05-27 08:00:00,2024-05-27 12:00:00,2024-05-27,5,183,5,o3,AQI>=151_4h
d12d2b58-3c54-470a-a43d-6706209ea36b,hanoi,2024-05-28 09:00:00,2024-05-28 13:00:00,2024-05-28,5,171,5,o3,AQI>=151_4h
e7b1b579-893c-49fb-98bd-3f6a51546d8f,hanoi,2024-05-29 10:00:00,2024-05-29 14:00:00,2024-05-29,5,181,5,o3,AQI>=151_4h
f2b4ea28-0315-4ad3-b9be-a986a4cd613f,hanoi,2024-06-01 09:00:00,2024-06-01 23:00:00,2024-06-01,15,177,15,o3,AQI>=151_4h
020fd1cd-286c-4fce-83ac-bd65aa0022d5,hanoi,2024-06-02 08:00:00,2024-06-02 15:00:00,2024-06-02,8,212,8,o3,AQI>=151_4h
237c380a-c0fc-4f8e-adb3-ce82ad22282f,hanoi,2024-06-03 10:00:00,2024-06-03 14:00:00,2024-06-03,5,179,5,o3,AQI>=151_4h
aaaf319f-4738-4594-b154-1054e8d011a0,hanoi,2024-06-07 01:00:00,2024-06-07 17:00:00,2024-06-07,17,189,17,pm25,AQI>=151_4h
68089d62-b7d4-43e4-8998-5a1cbce6190d,hanoi,2024-06-11 09:00:00,2024-06-11 14:00:00,2024-06-11,6,197,6,o3,AQI>=151_4h
54c3e0ab-0792-4b53-b585-ce47eb41534c,hanoi,2024-06-12 08:00:00,2024-06-12 14:00:00,2024-06-12,7,206,7,o3,AQI>=151_4h
d5398422-1e75-40e4-a045-77cd07e28a7b,hanoi,2024-06-16 09:00:00,2024-06-16 15:00:00,2024-06-16,7,200,7,o3,AQI>=151_4h
23301dba-5078-42b7-ba98-3d56dbcf4322,hanoi,2024-06-17 09:00:00,2024-06-17 14:00:00,2024-06-17,6,187,6,o3,AQI>=151_4h
a654facc-c496-4183-b7b6-aa0b4bf45d43,hanoi,2024-06-19 09:00:00,2024-06-19 13:00:00,2024-06-19,5,187,5,o3,AQI>=151_4h
4641606e-eaf0-43ab-8e82-1ea989c33ecd,hanoi,2024-06-20 09:00:00,2024-06-20 13:00:00,2024-06-20,5,182,5,o3,AQI>=151_4h
d0a57d38-7527-4cd7-9204-d9b3a4b29e38,hanoi,2024-07-09 09:00:00,2024-07-09 14:00:00,2024-07-09,6,188,6,o3,AQI>=151_4h
efe82b10-2af3-4c80-b6d7-f84e47a58f8c,hanoi,2024-07-10 09:00:00,2024-07-10 15:00:00,2024-07-10,7,197,7,o3,AQI>=151_4h
c265f067-30c0-4161-8d22-d88bc1c955a7,hanoi,2024-07-11 09:00:00,2024-07-11 15:00:00,2024-07-11,7,207,7,o3,AQI>=151_4h
c126ee57-e68c-41d6-b43d-60c9bb033fac,hanoi,2024-07-12 10:00:00,2024-07-12 15:00:00,2024-07-12,6,201,6,o3,AQI>=151_4h
b33ece00-f39b-48a9-93dc-49826614a345,hanoi,2024-07-26 08:00:00,2024-07-26 16:00:00,2024-07-26,9,211,9,o3,AQI>=151_4h
68e2587e-2fc5-4e37-9e49-54e863114202,hanoi,2024-07-27 08:00:00,2024-07-27 16:00:00,2024-07-27,9,230,9,o3,AQI>=151_4h
0034b658-d146-4c32-afb4-1c76792aa05b,hanoi,2024-08-03 09:00:00,2024-08-03 13:00:00,2024-08-03,5,181,5,o3,AQI>=151_4h
76c2d527-b2b9-454d-beed-a28e7f343ad0,hanoi,2024-08-05 11:00:00,2024-08-05 14:00:00,2024-08-05,4,175,4,o3,AQI>=151_4h
a2bfe91d-912a-4478-a8b0-3fd9c3e2e448,hanoi,2024-08-06 05:00:00,2024-08-06 23:00:00,2024-08-06,19,212,19,pm25,AQI>=151_4h
8ab429c9-2a37-4397-bc4a-36e256a98dca,hanoi,2024-08-07 09:00:00,2024-08-07 15:00:00,2024-08-07,7,200,7,o3,AQI>=151_4h
743643e1-7170-4a3d-bfff-abe4314e3c04,hanoi,2024-08-08 09:00:00,2024-08-08 14:00:00,2024-08-08,6,188,6,o3,AQI>=151_4h
836ac210-745f-40ff-8d3a-8b6732479919,hanoi,2024-08-10 08:00:00,2024-08-10 13:00:00,2024-08-10,6,202,6,o3,AQI>=151_4h
7ca4197b-2f39-4741-9862-6b3a6396c575,hanoi,2024-08-12 09:00:00,2024-08-12 20:00:00,2024-08-12,12,193,12,o3,AQI>=151_4h
a0f95f6f-88ae-46cd-852a-d2fcc58f921e,hanoi,2024-08-14 08:00:00,2024-08-16 15:00:00,2024-08-14,56,205,56,o3,AQI>=151_4h
fe04457e-1acc-4635-99cd-4d79ab4d7998,hanoi,2024-08-17 08:00:00,2024-08-17 17:00:00,2024-08-17,10,207,10,o3,AQI>=151_4h
a98c3305-9a54-4f97-9cfd-4b1b7cb7c54a,hanoi,2024-08-18 08:00:00,2024-08-20 14:00:00,2024-08-18,55,214,55,o3,AQI>=151_4h
dd7a14a4-e736-40b4-8989-15542608d42e,hanoi,2024-08-21 10:00:00,2024-08-21 15:00:00,2024-08-21,6,192,6,o3,AQI>=151_4h
aea93ecf-83f0-4c67-a6af-dbf1a456c147,hanoi,2024-08-27 09:00:00,2024-08-27 15:00:00,2024-08-27,7,209,7,o3,AQI>=151_4h
af2288ac-cc2f-4ee5-8276-44404734e81c,hanoi,2024-08-27 19:00:00,2024-08-29 15:00:00,2024-08-27,45,221,45,pm25,AQI>=151_4h
5ade2777-27d8-45d3-9086-5231d4cdf35b,hanoi,2024-08-30 10:00:00,2024-08-30 14:00:00,2024-08-30,5,176,5,o3,AQI>=151_4h
36ff2e6d-2203-43cc-bfd4-668de4353625,hanoi,2024-09-03 19:00:00,2024-09-05 21:00:00,2024-09-03,51,222,51,pm25,AQI>=151_4h
4b9e4d31-41e5-4e59-80c4-361d5fa62cca,hanoi,2024-09-14 01:00:00,2024-09-16 00:00:00,2024-09-14,48,170,48,pm25,AQI>=151_4h
e39237b7-5697-4a95-a250-193b9645b6d1,hanoi,2024-09-25 06:00:00,2024-09-26 23:00:00,2024-09-25,42,206,42,pm25,AQI>=151_4h
07c4092e-2f91-40bb-8489-0a3e4b51f12f,hanoi,2024-10-04 20:00:00,2024-10-06 16:00:00,2024-10-04,45,189,45,pm25,AQI>=151_4h
55f3131c-c2a8-42bc-af65-4ca47b862e2d,hanoi,2024-10-11 02:00:00,2024-10-12 13:00:00,2024-10-11,36,198,36,pm25,AQI>=151_4h
35fb165d-6f2e-4d3d-93b6-85156a71a29b,hanoi,2024-10-21 13:00:00,2024-10-22 19:00:00,2024-10-21,31,163,31,pm25,AQI>=151_4h
bbe874ba-a88c-43f9-8c45-bc65458dc42a,hanoi,2024-10-31 08:00:00,2024-11-01 12:00:00,2024-10-31,29,163,29,pm25,AQI>=151_4h
0a5fcc31-8d69-4769-84e7-75726b62b93f,hanoi,2024-11-05 20:00:00,2024-11-06 03:00:00,2024-11-05,8,152,8,pm25,AQI>=151_4h
3c473236-db6d-4379-9b7a-6990a9bb630d,hanoi,2024-11-07 21:00:00,2024-11-13 19:00:00,2024-11-07,143,180,143,pm25,AQI>=151_4h
6cd023d0-f76e-41f8-a292-82dd33567520,hanoi,2024-11-14 14:00:00,2024-11-14 22:00:00,2024-11-14,9,153,9,pm25,AQI>=151_4h
d74d10a9-4254-4083-9614-99fed8065004,hanoi,2024-11-25 04:00:00,2024-11-25 14:00:00,2024-11-25,11,152,11,pm25,AQI>=151_4h
e524662f-c68b-42d8-a9ba-1f031c15bacc,hanoi,2024-11-29 22:00:00,2024-11-30 19:00:00,2024-11-29,22,156,22,pm25,AQI>=151_4h
cf8f89a3-c0d0-447b-b744-74f4b9e5044a,hanoi,2024-12-05 09:00:00,2024-12-05 12:00:00,2024-12-05,4,151,4,pm25,AQI>=151_4h
c300d9f3-75e1-417f-8a90-52d8144340b8,hanoi,2024-12-09 19:00:00,2024-12-11 01:00:00,2024-12-09,31,162,31,pm25,AQI>=151_4h
41aecb2e-8fff-4276-bde2-ddefe378ece1,hanoi,2024-12-16 16:00:00,2024-12-18 02:00:00,2024-12-16,35,174,35,pm25,AQI>=151_4h
db14a8d0-6267-4a7a-a5c7-41a37aef4d6a,hanoi,2024-12-19 11:00:00,2024-12-27 01:00:00,2024-12-19,183,177,183,pm25,AQI>=151_4h
d61d2b92-13a0-44f9-9d44-d22d49f695f3,hanoi,2024-12-29 02:00:00,2025-01-09 02:00:00,2024-12-29,265,187,265,pm25,AQI>=151_4h
c1c22b63-8659-4030-8a7c-51da6d356ff0,hanoi,2025-01-09 07:00:00,2025-01-09 12:00:00,2025-01-09,6,151,6,pm25,AQI>=151_4h
7ced01de-5b7f-4cb6-998b-769ff629f3f5,hanoi,2025-01-12 13:00:00,2025-01-23 12:00:00,2025-01-12,264,188,264,pm25,AQI>=151_4h
b1a90460-595a-45aa-adba-7b09274f1e6b,hanoi,2025-01-28 20:00:00,2025-01-30 23:00:00,2025-01-28,52,173,52,pm25,AQI>=151_4h
95863503-80e2-487a-a5d9-f63a48a1370c,hanoi,2025-02-05 02:00:00,2025-02-06 07:00:00,2025-02-05,30,156,30,pm25,AQI>=151_4h
919ea955-05d0-43ad-837d-715b70c19746,hanoi,2025-02-09 15:00:00,2025-02-11 19:00:00,2025-02-09,53,183,53,pm25,AQI>=151_4h
b4dd08e6-9257-47ae-ad26-66acc5534bce,hanoi,2025-02-12 17:00:00,2025-02-13 14:00:00,2025-02-12,22,156,22,pm25,AQI>=151_4h
1b867577-67e0-45a6-b670-014b6129b301,hanoi,2025-02-14 01:00:00,2025-02-14 17:00:00,2025-02-14,17,154,17,pm25,AQI>=151_4h
59523101-80fd-46f9-8654-10466626c604,hanoi,2025-02-19 11:00:00,2025-02-20 13:00:00,2025-02-19,27,158,27,pm25,AQI>=151_4h
4764e984-69d6-47c5-8c93-036bd649b923,hanoi,2025-02-27 03:00:00,2025-02-27 21:00:00,2025-02-27,19,154,19,pm25,AQI>=151_4h
954c8c6a-4846-4b3b-8aab-65a44a0eb287,hanoi,2025-03-09 20:00:00,2025-03-11 12:00:00,2025-03-09,41,159,41,pm25,AQI>=151_4h
6ff662a8-a12f-4fbb-b484-77425b018b30,hanoi,2025-03-17 01:00:00,2025-03-18 06:00:00,2025-03-17,30,156,30,pm25,AQI>=151_4h
6f65c25a-3b41-40c8-b815-9e78278f0bdc,hanoi,2025-03-20 04:00:00,2025-03-25 17:00:00,2025-03-20,134,203,134,pm25,AQI>=151_4h
4f31148a-b815-472c-9a1e-908a2038e8fc,hanoi,2025-03-27 11:00:00,2025-03-27 14:00:00,2025-03-27,4,171,4,o3,AQI>=151_4h
00007eb4-e271-4942-8808-86a4da0ad9bf,hanoi,2025-04-01 15:00:00,2025-04-09 11:00:00,2025-04-01,189,194,189,pm25,AQI>=151_4h
ac1eb12c-25c7-4bcb-8c58-8dfdeed60cec,hanoi,2025-04-10 19:00:00,2025-04-12 14:00:00,2025-04-10,44,206,44,pm25,AQI>=151_4h
0d9e8e68-bf98-4a68-a6da-31ba2ae3ba8a,hanoi,2025-04-14 02:00:00,2025-04-17 01:00:00,2025-04-14,72,217,72,pm25,AQI>=151_4h
cbee667f-b37f-4049-b4db-d2763d6b1014,hanoi,2025-04-18 09:00:00,2025-04-18 16:00:00,2025-04-18,8,216,8,o3,AQI>=151_4h
df6b6001-0bea-475d-95ea-5819ab91d301,hanoi,2025-04-19 08:00:00,2025-04-19 16:00:00,2025-04-19,9,220,9,o3,AQI>=151_4h
c73f0716-fc4f-443d-9310-238a7c1b1d7b,hanoi,2025-04-20 07:00:00,2025-04-20 15:00:00,2025-04-20,9,213,9,o3,AQI>=151_4h
b0d5bf02-a3d6-4dc5-8d74-d63a418f6a37,hanoi,2025-04-21 10:00:00,2025-04-21 13:00:00,2025-04-21,4,171,4,o3,AQI>=151_4h
3dbe8d21-d00e-42c3-ab13-42a1aae26df2,hanoi,2025-04-22 08:00:00,2025-04-22 16:00:00,2025-04-22,9,221,9,o3,AQI>=151_4h
4725821e-ee29-47c7-b79a-b1abb90f9f0d,hanoi,2025-04-23 08:00:00,2025-04-23 15:00:00,2025-04-23,8,216,8,o3,AQI>=151_4h
77958266-859c-4645-80c5-2c0dae330539,hanoi,2025-04-24 10:00:00,2025-04-24 14:00:00,2025-04-24,5,172,5,o3,AQI>=151_4h
e65871ff-9969-4a8b-b546-4be3cebedd47,hanoi,2025-04-25 21:00:00,2025-04-26 21:00:00,2025-04-25,25,157,25,pm25,AQI>=151_4h
f9ff0dba-d88b-448e-abae-a696372b8658,hanoi,2025-04-28 21:00:00,2025-05-03 08:00:00,2025-04-28,108,217,108,pm25,AQI>=151_4h
fa0732fc-5350-4997-8715-d6218d2fb456,hanoi,2025-05-04 09:00:00,2025-05-04 16:00:00,2025-05-04,8,206,8,o3,AQI>=151_4h
9f47a192-3781-4f58-afb4-13527aeafc77,hanoi,2025-05-05 07:00:00,2025-05-05 16:00:00,2025-05-05,10,225,10,o3,AQI>=151_4h
75974140-d069-452f-a2a3-e714e761420a,hanoi,2025-05-07 09:00:00,2025-05-07 15:00:00,2025-05-07,7,200,7,o3,AQI>=151_4h
04f83beb-8e52-47af-8d08-c34d3044b332,hanoi,2025-05-08 07:00:00,2025-05-08 16:00:00,2025-05-08,10,220,10,o3,AQI>=151_4h
139f48c9-98f1-441e-a111-54ecde2f754e,hanoi,2025-05-10 10:00:00,2025-05-10 14:00:00,2025-05-10,5,178,5,o3,AQI>=151_4h
8a3d3316-b79e-4de1-b4b9-cb0e788b2351,hanoi,2025-05-12 00:00:00,2025-05-12 16:00:00,2025-05-12,17,202,17,pm25,AQI>=151_4h
89d1d551-fd33-4406-a6c0-b799bc28548e,hanoi,2025-05-13 09:00:00,2025-05-13 13:00:00,2025-05-13,5,177,5,o3,AQI>=151_4h
523a1dc5-a309-46b2-9564-e3e22bbdce5d,hanoi,2025-05-18 18:00:00,2025-05-19 00:00:00,2025-05-18,7,151,7,pm25,AQI>=151_4h
6e8fa226-1416-42f6-8377-d1a810dd1c6e,hanoi,2025-05-20 08:00:00,2025-05-20 16:00:00,2025-05-20,9,211,9,o3,AQI>=151_4h
af8d17ba-d852-40ae-b840-20ba30f34066,hanoi,2025-05-21 08:00:00,2025-05-21 14:00:00,2025-05-21,7,201,7,o3,AQI>=151_4h
f2617851-d774-497a-8621-8d5ecd22d982,hanoi,2025-05-27 15:00:00,2025-05-28 14:00:00,2025-05-27,24,161,24,pm25,AQI>=151_4h
d11fbf07-f9ba-4bc7-8770-a64e7052c6b0,hanoi,2025-05-30 10:00:00,2025-05-30 15:00:00,2025-05-30,6,177,6,o3,AQI>=151_4h
0d5ceea7-c718-4b9b-a0d8-3c7c9fe20cbc,hanoi,2025-05-31 11:00:00,2025-05-31 15:00:00,2025-05-31,5,170,5,o3,AQI>=151_4h
35c8fd8e-87dd-4f66-859c-85096ec35a18,hanoi,2025-06-03 11:00:00,2025-06-03 14:00:00,2025-06-03,4,165,4,o3,AQI>=151_4h
3e315ee6-efea-4de6-8e59-148ba199fbfb,hanoi,2025-06-04 09:00:00,2025-06-05 22:00:00,2025-06-04,38,205,38,o3,AQI>=151_4h
69b843b5-f7e2-4a20-9ec9-6e5e138d20b7,hanoi,2025-06-07 09:00:00,2025-06-07 13:00:00,2025-06-07,5,177,5,o3,AQI>=151_4h
2e66c821-d552-4c3b-bf6f-f70cbb04ec05,hanoi,2025-06-09 10:00:00,2025-06-09 15:00:00,2025-06-09,6,202,6,o3,AQI>=151_4h
a8722910-276a-46fc-8503-c40786c94221,hanoi,2025-06-09 18:00:00,2025-06-10 10:00:00,2025-06-09,17,152,17,pm25,AQI>=151_4h
824cde19-ae36-4658-814e-6b0e09734f94,hanoi,2025-06-10 16:00:00,2025-06-11 18:00:00,2025-06-10,27,157,27,pm25,AQI>=151_4h
21e387d5-f46c-4882-b68f-5661eb21c6fd,hanoi,2025-06-15 03:00:00,2025-06-18 15:00:00,2025-06-15,85,195,85,pm25,AQI>=151_4h
021a7dfb-19eb-44d4-bdf0-63ee45e4f620,hanoi,2025-06-19 09:00:00,2025-06-19 13:00:00,2025-06-19,5,176,5,o3,AQI>=151_4h
b40f315d-32df-416d-ad1a-e22779130b5f,hanoi,2025-07-04 21:00:00,2025-07-09 19:00:00,2025-07-04,119,217,119,pm25,AQI>=151_4h
2a13b16f-a3d9-41be-a2f7-a1406e04fa5f,hanoi,2025-07-13 09:00:00,2025-07-16 02:00:00,2025-07-13,66,215,66,o3,AQI>=151_4h
8a694afb-94b2-4d2f-b1bf-1ddc4040a731,hanoi,2025-07-16 10:00:00,2025-07-16 14:00:00,2025-07-16,5,188,5,o3,AQI>=151_4h
b621f247-106b-472f-afba-c2dcbc7434e2,hanoi,2025-07-16 18:00:00,2025-07-19 22:00:00,2025-07-16,77,219,77,pm25,AQI>=151_4h
7af82e9e-ec42-4c71-8ea3-5fd844f7a4eb,hanoi,2025-07-25 22:00:00,2025-07-31 16:00:00,2025-07-25,139,240,139,pm25,AQI>=151_4h
32c2a920-d520-4a14-94f2-c6a46683456d,hanoi,2025-08-01 11:00:00,2025-08-01 14:00:00,2025-08-01,4,187,4,o3,AQI>=151_4h
2882d220-c477-478d-a53f-ea8b2cb00ee5,hanoi,2025-08-02 08:00:00,2025-08-03 15:00:00,2025-08-02,32,217,32,o3,AQI>=151_4h
11073c30-0e11-4834-8e8c-c453e10e1ee7,hanoi,2025-08-05 15:00:00,2025-08-07 18:00:00,2025-08-05,52,208,52,pm25,AQI>=151_4h
22d68245-3682-4756-ba57-9cbb9572d665,hanoi,2025-08-07 20:00:00,2025-08-08 01:00:00,2025-08-07,6,151,6,pm25,AQI>=151_4h
dcc7bb7e-f2b3-4ec6-b17b-95b23d66466b,hanoi,2025-08-08 09:00:00,2025-08-08 15:00:00,2025-08-08,7,195,7,o3,AQI>=151_4h
f7f9ebad-d89f-49c2-8c44-21ba0930ba50,hanoi,2025-08-09 10:00:00,2025-08-09 13:00:00,2025-08-09,4,169,4,o3,AQI>=151_4h
7f285813-fc46-4d74-992e-91405a0925f8,hanoi,2025-08-12 10:00:00,2025-08-12 14:00:00,2025-08-12,5,173,5,o3,AQI>=151_4h
9d0f5aef-7b7b-4a60-8c40-ebf3500b6de1,hanoi,2025-08-12 19:00:00,2025-08-15 06:00:00,2025-08-12,60,203,60,pm25,AQI>=151_4h
7b68969a-0a42-480a-8ca5-fc5569ba11f9,hanoi,2025-08-19 19:00:00,2025-08-20 08:00:00,2025-08-19,14,153,14,pm25,AQI>=151_4h
6d9aa997-327c-45e4-8cd1-8daa1835aab5,hanoi,2025-08-23 20:00:00,2025-08-24 19:00:00,2025-08-23,24,160,24,pm25,AQI>=151_4h
26a0e49c-e9e7-449d-9fd8-6adcc312c992,hanoi,2025-08-27 21:00:00,2025-08-29 09:00:00,2025-08-27,37,182,37,pm25,AQI>=151_4h
1d2c14cc-ee87-4a3e-93ca-e461bb5d2239,hanoi,2025-09-02 08:00:00,2025-09-02 12:00:00,2025-09-02,5,151,5,pm25,AQI>=151_4h
9ecaf3ed-14a3-42fc-96fc-09575c5a39ba,hanoi,2025-09-07 01:00:00,2025-09-10 22:00:00,2025-09-07,94,215,94,pm25,AQI>=151_4h
72a4d0fe-14bd-4710-8d1f-a0cca972dca0,hanoi,2025-09-13 21:00:00,2025-09-14 15:00:00,2025-09-13,19,154,19,pm25,AQI>=151_4h
751d68e7-6a45-4f4a-bb3b-79f7b8a11fd7,hanoi,2025-09-18 10:00:00,2025-09-18 22:00:00,2025-09-18,13,151,13,pm25,AQI>=151_4h
9b740474-d666-4d70-87d8-c6180c2c83a6,hanoi,2025-09-19 17:00:00,2025-09-20 23:00:00,2025-09-19,31,165,31,pm25,AQI>=151_4h
7961e13a-689d-4c72-8c9c-7259b679dcd9,hanoi,2025-09-22 18:00:00,2025-09-23 14:00:00,2025-09-22,21,155,21,pm25,AQI>=151_4h
76a365bb-1923-4340-9fc4-172c455a3688,hanoi,2025-10-05 00:00:00,2025-10-05 19:00:00,2025-10-05,20,155,20,pm25,AQI>=151_4h
df00d964-a269-434c-bd0e-fcd8c8365a71,hanoi,2025-10-08 17:00:00,2025-10-10 11:00:00,2025-10-08,43,174,43,pm25,AQI>=151_4h
b5be35b4-65cb-42ea-83f6-3f2e56505776,hanoi,2025-10-17 16:00:00,2025-10-18 18:00:00,2025-10-17,27,164,27,pm25,AQI>=151_4h
48673d43-9bd9-4bbc-b20c-8edcbcb522c6,hcmc,2025-01-14 02:00:00,2025-01-15 02:00:00,2025-01-14,25,154,25,pm25,AQI>=151_4h
8e8ba152-d82a-4e44-8d8f-2614a55b44c9,hcmc,2025-01-21 11:00:00,2025-01-21 14:00:00,2025-01-21,4,170,4,o3,AQI>=151_4h
71869668-6432-498c-bfe2-3e873dfa61c5,hcmc,2025-02-01 11:00:00,2025-02-01 14:00:00,2025-02-01,4,165,4,o3,AQI>=151_4h
420990b8-a748-4a77-bea1-72bd25523ab2,hcmc,2025-02-06 10:00:00,2025-02-06 14:00:00,2025-02-06,5,183,5,o3,AQI>=151_4h
dba3c9bd-af0c-4be1-a60d-76c3f9354248,hcmc,2025-02-07 11:00:00,2025-02-07 14:00:00,2025-02-07,4,179,4,o3,AQI>=151_4h
229ead16-2684-4d16-a110-819196134f4e,hcmc,2025-02-20 10:00:00,2025-02-20 13:00:00,2025-02-20,4,174,4,o3,AQI>=151_4h
689a6f0a-b032-4727-821e-ce9c4f5ad860,hcmc,2025-03-20 10:00:00,2025-03-20 14:00:00,2025-03-20,5,182,5,o3,AQI>=151_4h
e929c790-07d0-4461-9d9e-b687fc4bebb7,hcmc,2025-03-21 10:00:00,2025-03-21 14:00:00,2025-03-21,5,186,5,o3,AQI>=151_4h
5de78edf-d0c3-428d-9176-173886ed42ce,hcmc,2025-03-24 09:00:00,2025-03-24 14:00:00,2025-03-24,6,196,6,o3,AQI>=151_4h
c2f0e5ca-d36c-4a3f-8e87-bd4643b72b0e,hcmc,2025-05-10 23:00:00,2025-05-11 20:00:00,2025-05-10,22,157,22,pm25,AQI>=151_4h
8681dd3a-cbf3-405d-8cbb-ec76481e67da,hcmc,2025-05-23 01:00:00,2025-05-24 05:00:00,2025-05-23,29,156,29,pm25,AQI>=151_4h
3fa380e9-c568-4678-8657-852026025bee,hcmc,2025-05-31 22:00:00,2025-06-01 22:00:00,2025-05-31,25,158,25,pm25,AQI>=151_4h
ddefa314-416b-47db-8db0-1ec79d4adb80,hcmc,2025-06-02 21:00:00,2025-06-03 07:00:00,2025-06-02,11,154,11,pm25,AQI>=151_4h
7362b529-3097-4ddb-9677-975600e42efe,hcmc,2025-06-04 23:00:00,2025-06-05 20:00:00,2025-06-04,22,155,22,pm25,AQI>=151_4h
3fde4d09-16dc-46dc-9b5a-9ea55ba355a3,hcmc,2025-06-06 20:00:00,2025-06-07 19:00:00,2025-06-06,24,155,24,pm25,AQI>=151_4h
9b23fda6-393e-42e5-bd54-05f84f57f64b,hcmc,2025-06-14 03:00:00,2025-06-16 13:00:00,2025-06-14,59,156,59,pm25,AQI>=151_4h
cf756ae6-ad76-4b62-a8d1-b8489bf34c70,hcmc,2025-06-18 21:00:00,2025-06-20 00:00:00,2025-06-18,28,158,28,pm25,AQI>=151_4h
4489c07a-8195-4fab-9c7f-b73d083405fa,hcmc,2025-06-26 02:00:00,2025-06-27 02:00:00,2025-06-26,25,155,25,pm25,AQI>=151_4h
53fbb32a-9c91-4315-80fd-6404203361b0,hcmc,2025-06-27 18:00:00,2025-06-28 13:00:00,2025-06-27,20,153,20,pm25,AQI>=151_4h
efe41798-89f2-4fde-bc91-bf1f22fc0cc6,hcmc,2025-08-08 15:00:00,2025-08-09 00:00:00,2025-08-08,10,152,10,pm25,AQI>=151_4h
